Name;ISIN;Symbol;Market;"Trading Currency";Open;High;Low;Last;"Last Date/Time";"Time Zone";Volume;Turnover
European Equities29 Dec 2021All datapoints provided as of end of last active trading day."2020 BULKERS";BMG9156K1018;2020;"Oslo Børs";NOK;111.00;111.00;109.50;110.00;"28/12/21 16:28";CET;59965;6588762.00
"5TH PLANET GAMES";DK0060945467;5PG;"Euronext Expand Oslo";NOK;0.888;0.92;0.861;0.904;"28/12/21 16:25";CET;895671;807038.87
"AASEN SPAREBANK";NO0010672181;AASB;"Euronext Growth Oslo";NOK;141.00;141.00;141.00;141.00;"23/12/21 14:38";CET;30;4230.00
"ABG SUNDAL COLLIER";NO0003021909;ABG;"Oslo Børs";NOK;9.08;9.23;9.08;9.18;"28/12/21 16:25";CET;78988;725790.65
ADEVINTA;NO0010844038;ADE;"Oslo Børs";NOK;120.15;120.40;117.30;119.15;"28/12/21 16:25";CET;195353;23318900.75
"ADS MARITIME HOLD";CY0108052115;ADS;"Euronext Growth Oslo";NOK;1.622;1.632;1.62;1.63;"28/12/21 16:12";CET;93704;152622.54
AEGA;NO0010626559;AEGA;"Euronext Expand Oslo";NOK;1.65;1.65;1.582;1.596;"28/12/21 16:19";CET;298097;476005.17
"AF GRUPPEN";NO0003078107;AFG;"Oslo Børs";NOK;189.00;193.20;189.00;191.40;"28/12/21 16:25";CET;13574;2590087.00
AGILYX;NO0010872468;AGLX;"Euronext Growth Oslo";NOK;35.15;36.00;35.05;35.70;"28/12/21 16:25";CET;53467;1902294.15
AIRTHINGS;NO0010895568;AIRX;"Euronext Growth Oslo";NOK;10.50;10.98;10.48;10.94;"28/12/21 16:25";CET;188178;2018561.92
AKASTOR;NO0010215684;AKAST;"Oslo Børs";NOK;5.23;5.37;5.13;5.36;"28/12/21 16:25";CET;120543;636887.56
AKER;NO0010234552;AKER;"Oslo Børs";NOK;815.00;840.00;815.00;832.00;"28/12/21 16:29";CET;40849;33904757.50
"AKER BIOMARINE";NO0010886625;AKBM;"Oslo Børs";NOK;52.50;53.60;52.10;53.60;"28/12/21 16:25";CET;60609;3206386.40
"AKER BP";NO0010345853;AKRBP;"Oslo Børs";NOK;279.80;280.70;275.00;278.70;"28/12/21 16:28";CET;1367627;379922698.60
"AKER CARBON CAPTUR";NO0010890304;ACC;"Oslo Børs";NOK;27.37;27.83;27.05;27.07;"28/12/21 16:25";CET;787203;21485988.37
"AKER CLEAN HYDROGE";NO0010936081;ACH;"Euronext Growth Oslo";NOK;5.99;5.99;5.76;5.78;"28/12/21 16:25";CET;1034000;6030657.02
"AKER HORIZONS";NO0010921232;AKH;"Oslo Børs";NOK;32.90;32.90;32.15;32.41;"28/12/21 16:25";CET;207800;6744755.95
"AKER OFFSHORE WIND";NO0010890312;AOW;"Euronext Growth Oslo";NOK;4.857;5.00;4.826;4.937;"28/12/21 16:25";CET;2196008;10783550.88
"AKER SOLUTIONS";NO0010716582;AKSO;"Oslo Børs";NOK;23.38;24.50;23.38;24.01;"28/12/21 16:25";CET;1831176;44079824.25
"AKOBO MINERALS";SE0015193412;AKOBO;"Euronext Growth Oslo";NOK;6.45;7.40;6.45;6.92;"28/12/21 16:25";CET;160604;1116649.96
"AKVA GROUP";NO0003097503;AKVA;"Oslo Børs";NOK;87.00;90.80;87.00;90.80;"28/12/21 16:25";CET;23294;2104656.20
"ALTERNUS ENERGY GR";IE00BLRPRP89;ALT;"Euronext Growth Oslo";NOK;29.995;29.995;29.895;29.895;"28/12/21 12:08";CET;157;4708.52
"AMERICAN SHIPPING";NO0010272065;AMSC;"Oslo Børs";NOK;32.15;33.50;32.15;32.25;"28/12/21 16:25";CET;50110;1651827.15
"ANDFJORD SALMON";NO0010829765;ANDF;"Euronext Growth Oslo";NOK;41.40;41.85;41.00;41.80;"28/12/21 16:10";CET;12693;523224.50
"ANORA GROUP";FI4000292438;ANORA;"Oslo Børs";NOK;106.40;107.60;106.00;106.60;"28/12/21 16:07";CET;6287;671936.60
"AQUA BIO TECHNO";NO0010307135;ABT;"Euronext Expand Oslo";NOK;13.35;13.75;13.35;13.50;"28/12/21 16:25";CET;24987;337242.40
"AQUALISBRAEMAR LOC";NO0010715394;AQUA;"Oslo Børs";NOK;10.10;10.40;10.10;10.25;"28/12/21 15:56";CET;29787;305505.40
ARCHER;BMG0451H1170;ARCH;"Oslo Børs";NOK;3.80;3.92;3.78;3.82;"28/12/21 16:25";CET;246520;946541.13
"ARCTIC BIOSCIENCE";NO0010859580;ABS;"Euronext Growth Oslo";NOK;17.90;18.00;17.50;17.88;"28/12/21 12:59";CET;5430;97093.60
"ARCTIC FISH HOLDIN";NO0010917719;AFISH;"Euronext Growth Oslo";NOK;89.97;90.00;89.97;90.00;"28/12/21 16:25";CET;601;54072.00
"ARCTICZYMES TECHNO";NO0010014632;AZT;"Oslo Børs";NOK;91.55;93.40;91.05;92.20;"28/12/21 16:25";CET;59958;5521005.00
"ARENDALS FOSSEKOMP";NO0003572802;AFK;"Oslo Børs";NOK;440.00;446.00;437.00;444.00;"28/12/21 16:25";CET;8441;3729300.00
ARGEO;NO0010946593;ARGEO;"Euronext Growth Oslo";NOK;8.06;8.239;7.961;8.096;"28/12/21 16:19";CET;119152;965065.40
"ARRIBATEC GROUP";NO0003108102;ARR;"Oslo Børs";NOK;1.172;1.22;1.162;1.19;"28/12/21 16:26";CET;1412936;1684219.48
ASETEK;DK0060477263;ASTK;"Oslo Børs";NOK;40.00;40.90;39.60;40.00;"28/12/21 16:25";CET;38729;1553585.85
ASTROCAST;CH1122548808;ASTRO;"Euronext Growth Oslo";NOK;46.80;46.80;46.80;46.80;"28/12/21 09:33";CET;26;1216.80
ATEA;NO0004822503;ATEA;"Oslo Børs";NOK;161.20;161.20;159.80;160.20;"28/12/21 16:25";CET;13938;2234029.60
"ATLANTIC SAPPHIRE";NO0010768500;ASA;"Oslo Børs";NOK;43.65;44.70;43.30;44.30;"28/12/21 16:25";CET;84127;3693528.70
"AURORA EIENDOM";NO0011032310;AURA;"Euronext Growth Oslo";NOK;101.00;101.20;101.00;101.20;"28/12/21 13:28";CET;20;2022.00
"AURSKOG SPAREBANK";NO0006001601;AURG;"Oslo Børs";NOK;244.00;244.00;244.00;244.00;"28/12/21 15:09";CET;30;7320.00
"AUSTEVOLL SEAFOOD";NO0010073489;AUSS;"Oslo Børs";NOK;106.00;107.80;106.00;107.00;"28/12/21 16:25";CET;99264;10614236.10
"AUTOSTORE HOLDINGS";BMG0670A1099;AUTO;"Oslo Børs";NOK;31.60;32.50;30.655;31.98;"28/12/21 16:25";CET;2178333;69316050.44
"AVANCE GAS HOLDING";BMG067231032;AGAS;"Oslo Børs";NOK;34.50;34.74;34.50;34.50;"28/12/21 16:25";CET;57980;2004248.76
"AWILCO DRILLING";GB00B5LJSC86;AWDR;"Oslo Børs";NOK;3.13;3.42;3.11;3.36;"28/12/21 16:25";CET;52838;170626.49
"AWILCO LNG";NO0010607971;ALNG;"Euronext Expand Oslo";NOK;6.76;6.80;6.40;6.50;"28/12/21 16:27";CET;1016298;6650354.48
AXACTOR;NO0010840515;ACR;"Oslo Børs";NOK;7.76;7.875;7.73;7.76;"28/12/21 16:25";CET;599357;4675521.64
"AYFIE GROUP";NO0010793243;AYFIE;"Euronext Growth Oslo";NOK;1.305;1.385;1.305;1.35;"28/12/21 16:09";CET;69119;91149.12
B2HOLDING;NO0010633951;B2H;"Oslo Børs";NOK;10.30;10.36;10.17;10.35;"28/12/21 16:25";CET;252086;2596842.66
BAKKAFROST;FO0000000179;BAKKA;"Oslo Børs";NOK;587.40;589.20;584.80;586.80;"28/12/21 16:25";CET;29594;17368272.00
"BALTIC SEA PROP";NO0010810476;BALT;"Euronext Growth Oslo";NOK;54.00;54.00;54.00;54.00;"28/12/21 12:36";CET;400;21600.00
"BARRAMUNDI GROUP";SGXZ33675836;BARRA;"Euronext Growth Oslo";NOK;14.45;14.45;14.45;14.45;"13/12/21 09:00";CET;6;86.70
BELSHIPS;NO0003094104;BELCO;"Oslo Børs";NOK;14.30;14.40;13.70;13.90;"28/12/21 16:25";CET;333708;4688724.40
"BERGEN CARBON SOL";NO0010950249;BCS;"Euronext Growth Oslo";NOK;81.05;83.89;67.00;68.03;"28/12/21 16:25";CET;1263386;90888569.59
BERGENBIO;NO0010650013;BGBIO;"Oslo Børs";NOK;20.24;20.62;20.18;20.22;"28/12/21 16:25";CET;142352;2896087.38
BEWI;NO0010890965;BEWI;"Oslo Børs";NOK;75.00;76.60;74.00;75.00;"28/12/21 16:25";CET;122698;9259756.00
"BIOFISH HOLDING";NO0010955198;BFISH;"Euronext Growth Oslo";NOK;13.80;14.00;13.102;14.00;"28/12/21 14:05";CET;13449;187008.27
"BLACK SEA PROPERTY";NO0010755101;BSP;"Euronext Growth Oslo";NOK;2.00;2.00;1.70;1.99;"28/12/21 11:49";CET;11666;22747.20
BONHEUR;NO0003110603;BONHR;"Oslo Børs";NOK;353.50;362.50;348.00;348.50;"28/12/21 16:25";CET;16704;5895561.50
BORGESTAD;NO0003111700;BOR;"Oslo Børs";NOK;9.58;9.58;9.02;9.02;"28/12/21 15:12";CET;28293;258438.10
"BORR DRILLING";BMG1466R1732;BORR;"Oslo Børs";NOK;20.60;21.695;18.90;19.00;"28/12/21 16:29";CET;2422623;49029056.86
BORREGAARD;NO0010657505;BRG;"Oslo Børs";NOK;218.00;223.00;218.00;220.00;"28/12/21 16:25";CET;34442;7597329.50
BOUVET;NO0010360266;BOUV;"Oslo Børs";NOK;73.50;74.50;72.50;74.00;"28/12/21 16:25";CET;45512;3360453.60
BRABANK;NO0010167331;BRA;"Euronext Growth Oslo";NOK;9.80;9.92;9.70;9.76;"28/12/21 16:19";CET;41466;406482.24
"BW ENERGY LIMITED";BMG0702P1086;BWE;"Oslo Børs";NOK;20.35;20.85;20.35;20.60;"28/12/21 16:25";CET;466215;9613304.60
"BW Epic Kosan";SGXZ80461361;BWEK;"Euronext Growth Oslo";NOK;19.90;20.00;19.90;20.00;"28/12/21 09:27";CET;5121;102358.00
"BW IDEOL";NO0010947385;BWIDL;"Euronext Growth Oslo";NOK;25.105;25.105;24.995;24.995;"28/12/21 16:28";CET;3937;98570.65
"BW LPG";BMG173841013;BWLPG;"Oslo Børs";NOK;50.40;51.35;49.82;51.00;"28/12/21 16:25";CET;257449;13077509.66
"BW OFFSHORE LTD";BMG1738J1247;BWO;"Oslo Børs";NOK;26.60;26.84;26.40;26.60;"28/12/21 16:25";CET;330979;8798048.70
BYGGMA;NO0003087603;BMA;"Oslo Børs";NOK;25.40;26.00;25.20;25.80;"28/12/21 16:11";CET;16053;408965.20
CADELER;DK0061412772;CADLR;"Oslo Børs";NOK;35.60;37.10;35.515;37.07;"28/12/21 16:25";CET;451414;16332397.73
CAMBI;NO0010078850;CAMBI;"Euronext Growth Oslo";NOK;8.80;9.00;8.80;9.00;"28/12/21 16:25";CET;15699;139463.49
CARASENT;NO0010123060;CARA;"Oslo Børs";NOK;39.60;39.60;38.30;38.30;"28/12/21 16:28";CET;39005;1515728.45
"CARBON TRANSITION";NO0010778095;CARBN;"Euronext Expand Oslo";NOK;1.31;1.37;1.31;1.32;"28/12/21 16:25";CET;427290;570793.03
"CIRCA GROUP";NO0010917594;CIRCA;"Euronext Growth Oslo";NOK;8.60;9.479;8.60;9.02;"28/12/21 16:25";CET;435338;3956845.59
"CLEAN SEAS SEAFOOD";AU000000CSS3;CSS;"Euronext Growth Oslo";NOK;3.6505;3.6505;3.65;3.65;"28/12/21 16:12";CET;16007;58425.69
"CLOUDBERRY CLEAN";NO0010876642;CLOUD;"Oslo Børs";NOK;16.00;16.02;15.70;16.00;"28/12/21 16:25";CET;202371;3209617.70
"CO2 CAPSOL";NO0010923121;CAPSL;"Euronext Growth Oslo";NOK;22.70;26.00;21.025;24.20;"28/12/21 16:18";CET;51667;1229905.49
CONTEXTVISION;SE0014731154;CONTX;"Oslo Børs";NOK;16.648;16.80;16.25;16.80;"28/12/21 16:25";CET;76025;1257019.53
"CRAYON GROUP HOLD";NO0010808892;CRAYN;"Oslo Børs";NOK;180.00;182.40;178.70;179.30;"28/12/21 16:25";CET;44988;8118643.70
"CSAM HEALTH GROUP";NO0010894512;CSAM;"Euronext Growth Oslo";NOK;83.20;84.00;80.10;83.90;"28/12/21 15:23";CET;1320;109395.40
CYVIZ;NO0010015175;CYVIZ;"Euronext Growth Oslo";NOK;47.01;47.49;45.635;47.20;"28/12/21 16:25";CET;14520;674472.16
"DEEP VALUE DRILLER";NO0010955917;DVD;"Euronext Growth Oslo";NOK;10.354;11.482;10.35;10.50;"28/12/21 16:25";CET;230289;2447529.66
"DESERT CONTROL";NO0010963275;DSRT;"Euronext Growth Oslo";NOK;38.50;39.18;34.88;35.00;"28/12/21 16:29";CET;178372;6430876.14
DLT;NO0003055808;DLTX;"Oslo Børs";NOK;16.40;17.50;16.40;17.24;"28/12/21 16:28";CET;786996;13413368.08
"DNB BANK";NO0010161896;DNB;"Oslo Børs";NOK;198.60;201.30;197.75;201.30;"28/12/21 16:28";CET;449048;90074345.10
DNO;NO0003921009;DNO;"Oslo Børs";NOK;10.15;10.655;10.15;10.585;"28/12/21 16:25";CET;4343026;45390754.81
DOF;NO0010070063;DOF;"Oslo Børs";NOK;0.60;0.62;0.585;0.62;"28/12/21 16:25";CET;575954;348471.91
"EAM SOLAR";NO0010607781;EAM;"Euronext Expand Oslo";NOK;10.75;10.75;10.25;10.45;"28/12/21 16:13";CET;4189;43838.30
"ECIT AS B-AKSJER";NO0010939804;ECIT;"Euronext Growth Oslo";NOK;7.80;7.80;7.301;7.55;"28/12/21 16:16";CET;112498;843017.92
"ECOONLINE HOLDING";NO0010936891;ECO;"Euronext Growth Oslo";NOK;20.40;20.40;20.40;20.40;"28/12/21 16:25";CET;72;1468.80
"EDDA WIND";NO0010998529;EWIND;"Oslo Børs";NOK;32.48;34.49;32.48;33.81;"28/12/21 16:25";CET;160120;5345289.27
"EIDESVIK OFFSHORE";NO0010263023;EIOF;"Oslo Børs";NOK;3.91;4.19;3.91;4.05;"28/12/21 13:11";CET;63660;257742.58
"ELECTROMAGNET GEO";NO0010358484;EMGS;"Oslo Børs";NOK;1.228;1.27;1.198;1.24;"28/12/21 14:35";CET;318665;391244.41
ELEKTROIMPORTØREN;NO0010911902;ELIMP;"Euronext Growth Oslo";NOK;79.99;83.00;79.99;81.50;"28/12/21 16:25";CET;30227;2457897.40
ELKEM;NO0010816093;ELK;"Oslo Børs";NOK;29.42;29.68;29.36;29.60;"28/12/21 16:25";CET;434811;12856099.10
"ELLIPTIC LABORATOR";NO0010722283;ELABS;"Euronext Growth Oslo";NOK;29.20;29.30;27.30;27.55;"28/12/21 16:25";CET;382871;10647544.70
ELOP;NO0010864036;ELOP;"Euronext Growth Oslo";NOK;3.465;3.465;3.255;3.335;"28/12/21 16:25";CET;278763;923731.90
ELOPAK;NO0011002586;ELO;"Oslo Børs";NOK;25.40;26.205;25.315;26.055;"28/12/21 16:25";CET;92882;2393148.81
ENDÚR;NO0010379779;ENDUR;"Oslo Børs";NOK;0.684;0.699;0.684;0.692;"28/12/21 16:25";CET;1849615;1275779.13
"ENSURGE MICROPOWER";NO0010299068;ENSU;"Oslo Børs";NOK;0.74;0.74;0.711;0.72;"28/12/21 16:25";CET;2382908;1728706.92
ENTRA;NO0010716418;ENTRA;"Oslo Børs";NOK;195.40;195.80;193.60;195.70;"28/12/21 16:25";CET;41303;8046547.10
"ENVIPCO HOLDING";NL0015000GX8;ENVIP;"Euronext Growth Oslo";NOK;33.635;34.00;32.00;32.00;"28/12/21 12:15";CET;1117;36910.99
EQUINOR;NO0010096985;EQNR;"Oslo Børs";NOK;241.00;242.20;239.60;240.95;"28/12/21 16:27";CET;1784083;429653699.35
EUROPRIS;NO0010735343;EPR;"Oslo Børs";NOK;68.20;69.00;67.60;68.25;"28/12/21 16:25";CET;132454;9071200.45
EVERFUEL;DK0061414711;EFUEL;"Euronext Growth Oslo";NOK;42.52;42.52;40.00;40.42;"28/12/21 16:25";CET;45384;1842457.70
"EXACT THERAPEUTICS";NO0010852213;EXTX;"Euronext Growth Oslo";NOK;18.40;18.50;16.40;18.00;"28/12/21 16:25";CET;3333;59270.90
"FJORDKRAFT HOLDING";NO0010815673;FKRFT;"Oslo Børs";NOK;45.94;47.54;45.78;47.48;"28/12/21 16:26";CET;243807;11391947.86
"FLEX LNG";BMG359472021;FLNG;"Oslo Børs";NOK;200.00;200.00;195.50;197.50;"28/12/21 16:25";CET;76590;15128715.00
FLYR;NO0010931900;FLYR;"Euronext Growth Oslo";NOK;1.85;1.85;1.7802;1.80;"28/12/21 16:26";CET;1045147;1884635.89
FRONTLINE;BMG3682E1921;FRO;"Oslo Børs";NOK;63.10;64.94;63.00;64.76;"28/12/21 16:28";CET;995909;63983145.60
FRØY;NO0010936792;FROY;"Oslo Børs";NOK;50.60;51.97;50.60;51.41;"28/12/21 16:25";CET;10052;516626.25
"GAMING INNOVATION";US36467X2062;GIG;"Oslo Børs";NOK;17.82;18.16;17.40;17.60;"28/12/21 16:25";CET;149139;2658388.92
"GC RIEBER SHIPPING";NO0010262686;RISH;"Oslo Børs";NOK;8.00;8.80;8.00;8.35;"28/12/21 15:34";CET;27269;234085.65
"GENTIAN DIAGNOSTIC";NO0010748866;GENT;"Oslo Børs";NOK;72.60;72.60;70.20;70.20;"28/12/21 16:25";CET;7005;492735.80
"GIGANTE SALMON";NO0011013765;GIGA;"Euronext Growth Oslo";NOK;4.76;4.78;4.7595;4.76;"28/12/21 16:10";CET;48300;229911.92
"GJENSIDIGE FORSIKR";NO0010582521;GJF;"Oslo Børs";NOK;211.20;213.80;211.20;212.90;"28/12/21 16:25";CET;114146;24294736.60
"GNP ENERGY";NO0010886013;GNP;"Euronext Growth Oslo";NOK;21.75;22.005;21.75;22.005;"28/12/21 13:34";CET;1587;34825.85
"GOLDEN ENERGY OFF";NO0010813843;GEOS;"Euronext Growth Oslo";NOK;0.70;0.71;0.70;0.71;"28/12/21 14:58";CET;128000;90304.90
"GOLDEN OCEAN GROUP";BMG396372051;GOGL;"Oslo Børs";NOK;78.00;78.70;77.00;78.70;"28/12/21 16:29";CET;790247;61803385.45
GOODTECH;NO0004913609;GOD;"Oslo Børs";NOK;8.53;8.85;8.53;8.78;"28/12/21 16:25";CET;28137;246722.85
"GREEN MINERALS";NO0010907744;GEM;"Euronext Growth Oslo";NOK;8.301;8.689;8.30;8.40;"28/12/21 16:25";CET;17437;146461.41
"GRIEG SEAFOOD";NO0010365521;GSF;"Oslo Børs";NOK;84.00;84.95;83.50;84.65;"28/12/21 16:25";CET;194978;16480341.20
"GRONG SPAREBANK";NO0010636491;GRONG;"Euronext Growth Oslo";NOK;143.00;143.00;141.00;141.00;"28/12/21 09:22";CET;230;32630.00
GYLDENDAL;NO0004288200;GYL;"Oslo Børs";NOK;615.00;615.00;615.00;615.00;"28/12/21 09:00";CET;4;2460.00
"HAFNIA LIMITED";BMG4233B1090;HAFNI;"Oslo Børs";NOK;16.76;17.86;16.76;17.76;"28/12/21 16:25";CET;212729;3779785.34
HARMONYCHAIN;NO0010921299;HMONY;"Euronext Growth Oslo";NOK;1.02;1.059;1.005;1.059;"28/12/21 16:25";CET;813852;843851.18
"HAV GROUP";NO0010931918;HAV;"Euronext Growth Oslo";NOK;14.00;14.002;13.698;13.98;"28/12/21 16:25";CET;151229;2096334.51
"HAVILA KYSTRUTEN";NO0011045429;HKY;"Euronext Growth Oslo";NOK;22.005;23.285;22.00;23.00;"28/12/21 13:05";CET;106816;2449785.69
"HAVILA SHIPPING";NO0010257728;HAVI;"Oslo Børs";NOK;3.80;4.16;3.70;4.02;"28/12/21 16:19";CET;238899;949857.52
"HAVYARD GROUP";NO0010708605;HYARD;"Oslo Børs";NOK;6.90;7.38;6.90;6.99;"28/12/21 16:14";CET;108404;763158.52
"HEXAGON COMPOSITES";NO0003067902;HEX;"Oslo Børs";NOK;33.70;34.10;33.54;33.64;"28/12/21 16:25";CET;137282;4630027.06
"HEXAGON PURUS";NO0010904923;HPUR;"Euronext Growth Oslo";NOK;22.50;22.925;22.125;22.50;"28/12/21 16:25";CET;201905;4510862.21
"HIMALAYA SHIPPING";BMG4660A1036;HSHIP;"Euronext Growth Oslo";NOK;50.00;51.20;50.00;51.20;"28/12/21 14:02";CET;2660;133672.00
"HÖEGH AUTOLINERS";NO0011082075;HAUTO;"Euronext Growth Oslo";NOK;23.00;23.00;22.21;22.65;"28/12/21 16:25";CET;50953;1158198.96
"HOFSETH BIOCARE";NO0010598683;HBC;"Oslo Børs";NOK;6.68;6.74;6.68;6.74;"28/12/21 10:31";CET;10215;68537.98
"HORISONT ENERGI";NO0010917339;HRGI;"Euronext Growth Oslo";NOK;62.00;66.99;62.00;63.00;"28/12/21 16:03";CET;8237;527188.32
"HOUSE OF CONTROL";NO0010781818;HOC;"Euronext Growth Oslo";NOK;13.26;13.30;13.00;13.20;"28/12/21 16:25";CET;93863;1234934.84
"HUDDLESTOCK FINTEC";NO0010859648;HUDL;"Euronext Growth Oslo";NOK;3.60;3.66;3.22;3.50;"28/12/21 16:28";CET;908469;3122426.57
HUDDLY;NO0010776990;HDLY;"Euronext Growth Oslo";NOK;8.963;9.48;8.902;9.45;"28/12/21 16:18";CET;212862;1972982.50
"HUNTER GROUP";NO0010283211;HUNT;"Euronext Expand Oslo";NOK;2.862;2.992;2.862;2.992;"28/12/21 16:25";CET;1144287;3367328.95
HYDROGENPRO;NO0010892359;HYPRO;"Euronext Growth Oslo";NOK;16.60;16.82;16.30;16.60;"28/12/21 16:25";CET;75215;1247067.46
HYNION;NO0010920945;HYN;"Euronext Growth Oslo";NOK;2.40;2.40;2.3105;2.3105;"28/12/21 16:25";CET;156669;369440.82
"HØLAND OG SETSKOG";NO0010012636;HSPG;"Oslo Børs";NOK;143.00;143.00;143.00;143.00;"28/12/21 15:39";CET;75;10725.00
"ICE FISH FARM";NO0010884794;IFISH;"Euronext Growth Oslo";NOK;41.40;41.40;40.20;40.90;"28/12/21 16:19";CET;13804;562315.10
"ICE GROUP";NO0010734742;ICEGR;"Euronext Expand Oslo";NOK;5.14;5.14;4.97;5.08;"28/12/21 16:25";CET;182325;918252.88
"ICELANDIC SALMON";NO0010724701;ISLAX;"Euronext Growth Oslo";NOK;148.00;148.00;147.50;148.00;"28/12/21 15:53";CET;2465;364620.00
"IDEX BIOMETRICS";NO0003070609;IDEX;"Oslo Børs";NOK;3.26;3.376;3.252;3.348;"28/12/21 16:25";CET;2125668;7092874.97
INDUCT;NO0010536048;INDCT;"Euronext Growth Oslo";NOK;7.94;8.28;7.54;7.54;"28/12/21 15:11";CET;1622;12685.20
"INSR INSURANCE GP";NO0010593544;INSR;"Oslo Børs";NOK;0.30;0.30;0.2715;0.276;"28/12/21 16:25";CET;1205189;340968.58
INSTABANK;NO0010762792;INSTA;"Euronext Growth Oslo";NOK;2.05;2.15;2.05;2.06;"28/12/21 13:17";CET;82536;170683.30
"INTEGRATED WIND SO";NO0010955883;IWS;"Euronext Growth Oslo";NOK;32.405;32.405;32.335;32.335;"23/12/21 14:34";CET;7000;226520.00
"INTEROIL EXPL PROD";NO0010284318;IOX;"Oslo Børs";NOK;0.97;1.142;0.962;0.97;"28/12/21 16:25";CET;4596179;4777059.65
ITERA;NO0010001118;ITERA;"Oslo Børs";NOK;14.85;14.95;14.60;14.95;"28/12/21 15:44";CET;13314;197378.55
"JINHUI SHIPP TRANS";BMG5137R1088;JIN;"Oslo Børs";NOK;10.85;11.25;10.80;10.90;"28/12/21 16:30";CET;359497;3972517.55
"JÆREN SPAREBANK";NO0010359433;JAREN;"Oslo Børs";NOK;206.00;206.00;206.00;206.00;"28/12/21 09:03";CET;260;53560.00
KAHOOT!;NO0010823131;KAHOT;"Oslo Børs";NOK;47.64;48.36;46.14;46.66;"28/12/21 16:29";CET;1506449;70792870.70
KALERA;NO0010874597;KAL;"Euronext Growth Oslo";NOK;12.50;12.50;12.12;12.34;"28/12/21 16:25";CET;42120;519415.02
KID;NO0010743545;KID;"Oslo Børs";NOK;111.00;111.60;110.20;111.60;"28/12/21 16:25";CET;13036;1448521.00
KITRON;NO0003079709;KIT;"Oslo Børs";NOK;22.50;23.25;22.40;23.25;"28/12/21 16:29";CET;876526;20042033.13
"KLAVENESS COMBINAT";NO0010833262;KCC;"Oslo Børs";NOK;47.80;48.00;46.80;48.00;"28/12/21 16:25";CET;16913;799990.00
"KMC PROPERTIES";NO0010360175;KMCP;"Oslo Børs";NOK;10.45;10.65;10.40;10.60;"28/12/21 16:06";CET;31017;327162.20
KOMPLETT;NO0011016040;KOMPL;"Oslo Børs";NOK;68.00;68.39;65.90;68.25;"28/12/21 16:25";CET;10093;680416.90
"KOMPLETT BANK";NO0010694029;KOMP;"Oslo Børs";NOK;7.20;7.22;7.10;7.20;"28/12/21 16:27";CET;189939;1362696.12
"KONGSBERG AUTOMOT";NO0003033102;KOA;"Oslo Børs";NOK;3.04;3.07;3.01;3.01;"28/12/21 16:25";CET;4786671;14550841.38
"KONGSBERG GRUPPEN";NO0003043309;KOG;"Oslo Børs";NOK;284.60;285.60;283.20;283.60;"28/12/21 16:25";CET;61344;17419177.20
"KRAFT BANK";NO0010815103;KRAB;"Euronext Growth Oslo";NOK;10.70;11.10;10.70;10.90;"28/12/21 15:36";CET;5161;56484.61
"KYOTO GROUP";NO0010936750;KYOTO;"Euronext Growth Oslo";NOK;18.57;18.57;18.00;18.00;"28/12/21 16:09";CET;38731;701222.71
"LERØY SEAFOOD GP";NO0003096208;LSG;"Oslo Børs";NOK;68.76;69.50;68.36;69.50;"28/12/21 16:25";CET;414592;28666366.58
LIFECARE;NO0010591191;LIFE;"Euronext Growth Oslo";NOK;1.77;1.83;1.764;1.798;"28/12/21 15:09";CET;221258;397390.33
"LINK MOBILITY GRP";NO0010894231;LINK;"Oslo Børs";NOK;19.50;19.932;19.404;19.60;"28/12/21 16:27";CET;632306;12460208.29
"LYTIX BIOPHARMA";NO0010405780;LYTIX;"Euronext Growth Oslo";NOK;14.00;14.00;14.00;14.00;"28/12/21 12:54";CET;11;154.00
"M VEST WATER";NO0010976343;MVW;"Euronext Growth Oslo";NOK;12.00;13.75;12.00;13.00;"28/12/21 16:19";CET;34108;445960.91
MAGNORA;NO0010187032;MGN;"Oslo Børs";NOK;18.62;18.94;18.30;18.70;"28/12/21 16:25";CET;163816;3053222.94
"MAGSEIS FAIRFIELD";NO0010663669;MSEIS;"Oslo Børs";NOK;3.955;4.03;3.90;4.025;"28/12/21 16:25";CET;536652;2143778.10
MÅSØVAL;NO0010974983;MAS;"Euronext Growth Oslo";NOK;39.85;40.05;39.50;40.005;"28/12/21 15:46";CET;23470;935777.48
MEDISTIM;NO0010159684;MEDI;"Oslo Børs";NOK;385.00;394.00;379.00;394.00;"28/12/21 16:25";CET;5588;2153047.50
"MELHUS SPAREBANK";NO0006001908;MELG;"Oslo Børs";NOK;155.00;155.00;155.00;155.00;"28/12/21 12:50";CET;2300;356500.00
MELTWATER;NL00150003D3;MWTR;"Oslo Børs";NOK;27.00;27.46;25.44;25.76;"28/12/21 16:25";CET;245050;6441184.42
"MERCELL HOLDING";NO0010307143;MRCEL;"Oslo Børs";NOK;6.69;6.69;6.34;6.34;"28/12/21 16:25";CET;559202;3567856.54
"MINTRA HOLDING";NO0010895022;MNTR;"Euronext Growth Oslo";NOK;3.82;3.82;3.81;3.81;"28/12/21 15:25";CET;14488;55341.94
MOWI;NO0003054108;MOWI;"Oslo Børs";NOK;210.00;210.40;208.10;209.60;"28/12/21 16:28";CET;533257;111627935.60
"MPC CONTAINER SHIP";NO0010791353;MPCC;"Oslo Børs";NOK;23.55;24.00;23.55;23.75;"28/12/21 16:25";CET;2372384;56474812.35
"MPC ENERGY SOLUTIO";NL0015268814;MPCES;"Euronext Growth Oslo";NOK;27.20;27.445;27.11;27.22;"28/12/21 15:33";CET;10913;296565.47
MULTICONSULT;NO0010734338;MULTI;"Oslo Børs";NOK;152.50;154.50;151.50;152.50;"28/12/21 16:25";CET;10145;1554085.00
NAPATECH;DK0060520450;NAPA;"Oslo Børs";NOK;12.40;13.20;12.10;12.40;"28/12/21 16:25";CET;652823;8162474.50
NAVAMEDIC;NO0010205966;NAVA;"Oslo Børs";NOK;32.50;32.50;29.50;30.00;"28/12/21 16:25";CET;18752;562616.50
NEKKAR;NO0003049405;NKR;"Oslo Børs";NOK;9.92;10.08;9.80;9.95;"28/12/21 16:25";CET;165891;1647310.05
NEL;NO0010081235;NEL;"Oslo Børs";NOK;16.00;16.125;15.315;15.38;"28/12/21 16:25";CET;4580774;71672193.83
"NETOIL CAPITAL";GB00BF2PG875;NOC;"Euronext Growth Oslo";NOK;4.78;4.80;4.78;4.80;"19/07/21 14:33";CET;1000;4786.20
"NEXT BIOMETRICS GP";NO0010629108;NEXT;"Oslo Børs";NOK;8.19;8.19;7.72;8.00;"28/12/21 16:25";CET;102403;807193.37
"NIDAROS SPAREBANK";NO0010733082;NISB;"Euronext Growth Oslo";NOK;112.00;112.00;112.00;112.00;"28/12/21 15:10";CET;23;2576.00
NORBIT;NO0010856511;NORBT;"Oslo Børs";NOK;30.10;32.40;30.10;31.70;"28/12/21 16:26";CET;271533;8513439.65
NORCOD;NO0010892912;NCOD;"Euronext Growth Oslo";NOK;108.40;108.60;107.40;107.40;"28/12/21 15:37";CET;4105;442596.00
"NORDHEALTH A-AKSJE";NO0011002651;NORDH;"Euronext Growth Oslo";NOK;37.00;39.99;36.64;39.99;"28/12/21 15:27";CET;937;34887.43
"NORDIC AQUA PART";DK0061414638;NOAP;"Euronext Growth Oslo";NOK;62.60;62.60;62.50;62.50;"28/12/21 15:11";CET;2300;143950.00
"NORDIC HALIBUT";NO0003058109;NOHAL;"Euronext Growth Oslo";NOK;27.10;27.30;27.10;27.30;"28/12/21 14:26";CET;285;7760.50
"NORDIC MINING";NO0010317340;NOM;"Euronext Expand Oslo";NOK;3.15;3.365;3.15;3.30;"28/12/21 16:25";CET;741034;2405662.66
"NORDIC NANOVECTOR";NO0010597883;NANOV;"Oslo Børs";NOK;23.10;23.40;22.90;23.22;"28/12/21 16:27";CET;122305;2822329.16
"NORDIC SEMICONDUC";NO0003055501;NOD;"Oslo Børs";NOK;297.00;306.20;295.80;299.20;"28/12/21 16:29";CET;494835;149259269.80
"NORDIC UNMANNED";NO0010907090;NUMND;"Euronext Growth Oslo";NOK;33.90;34.73;33.48;33.48;"28/12/21 16:15";CET;37041;1257915.94
"NORSE ATLANTIC";NO0010946445;NORSE;"Euronext Growth Oslo";NOK;15.00;15.00;14.20;14.60;"28/12/21 16:25";CET;127225;1845712.20
"NORSK HYDRO";NO0005052605;NHY;"Oslo Børs";NOK;70.42;71.18;69.46;69.58;"28/12/21 16:25";CET;2385251;167109673.26
"NORSK SOLAR";NO0010941925;NSOL;"Euronext Growth Oslo";NOK;7.098;7.099;6.90;6.90;"28/12/21 16:11";CET;18417;128277.16
"NORSK TITANIUM";NO0010969108;NTI;"Euronext Growth Oslo";NOK;6.399;6.399;5.95;5.95;"28/12/21 16:25";CET;13175;81559.09
"NORSKE SKOG";NO0010861115;NSKOG;"Oslo Børs";NOK;38.20;38.85;38.00;38.05;"28/12/21 16:25";CET;173758;6655074.40
NORTEL;NO0010900087;NTEL;"Euronext Growth Oslo";NOK;27.50;27.50;27.50;27.50;"22/12/21 09:00";CET;60;1650.00
"NORTH ENERGY";NO0010550056;NORTH;"Euronext Expand Oslo";NOK;2.65;2.77;2.65;2.73;"28/12/21 16:07";CET;27745;74984.94
"NORTHERN DRILLING";BMG6624L1090;NODL;"Oslo Børs";NOK;14.16;14.16;14.00;14.14;"28/12/21 16:25";CET;64789;911758.94
"NORTHERN OCEAN LTD";BMG6682J1036;NOL;"Oslo Børs";NOK;7.00;7.45;6.70;6.90;"28/12/21 16:25";CET;404596;2841498.21
"NORWAY ROYALSALMON";NO0010331838;NRS;"Oslo Børs";NOK;164.40;167.40;164.40;165.20;"28/12/21 16:25";CET;14332;2379975.00
"NORWEGIAN AIR SHUT";NO0010196140;NAS;"Oslo Børs";NOK;10.50;10.76;10.466;10.516;"28/12/21 16:29";CET;3699610;39212480.97
"NORWEGIAN BLOCK EX";NO0010984966;NBX;"Euronext Growth Oslo";NOK;8.60;8.749;8.501;8.66;"28/12/21 16:25";CET;198892;1724837.89
"NORWEGIAN ENERGY";NO0010379266;NOR;"Oslo Børs";NOK;151.00;151.40;150.00;151.40;"28/12/21 16:16";CET;3799;571989.00
"NRC GROUP";NO0003679102;NRC;"Oslo Børs";NOK;23.55;23.75;23.30;23.75;"28/12/21 16:25";CET;73343;1725116.35
NTS;NO0004895103;NTS;"Oslo Børs";NOK;87.20;89.20;87.20;89.20;"28/12/21 09:48";CET;16;1417.20
"NYKODE THERAPEUTIC";NO0010714785;NYKD;"Euronext Growth Oslo";NOK;84.00;84.90;78.00;79.40;"28/12/21 16:29";CET;539503;43579751.50
"OBSERVE MEDICAL";NO0010865009;OBSRV;"Euronext Expand Oslo";NOK;18.50;18.50;18.00;18.15;"28/12/21 16:28";CET;10088;182485.70
"OCEAN SUN";NO0010887565;OSUN;"Euronext Growth Oslo";NOK;14.10;15.18;14.10;14.52;"28/12/21 16:25";CET;56308;834507.08
OCEANTEAM;NO0010317316;OTS;"Oslo Børs";NOK;2.43;2.47;2.32;2.44;"28/12/21 14:44";CET;36670;87665.80
"ODFJELL DRILLING";BMG671801022;ODL;"Oslo Børs";NOK;20.38;20.86;20.20;20.24;"28/12/21 16:25";CET;450516;9252397.68
"ODFJELL SER. A";NO0003399909;ODF;"Oslo Børs";NOK;32.60;33.40;32.50;33.40;"28/12/21 16:25";CET;11328;371606.00
"ODFJELL SER. B";NO0003399917;ODFB;"Oslo Børs";NOK;32.40;32.80;32.40;32.80;"28/12/21 16:11";CET;966;31311.60
OKEA;NO0010816895;OKEA;"Oslo Børs";NOK;25.00;25.50;24.50;25.10;"28/12/21 16:25";CET;137534;3436219.00
"OKEANIS ECO TANKER";MHY641771016;OET;"Oslo Børs";NOK;71.30;72.00;71.30;71.60;"28/12/21 16:25";CET;16898;1214287.10
"OLAV THON EIENDOMS";NO0005638858;OLT;"Oslo Børs";NOK;193.00;193.20;189.20;189.40;"28/12/21 16:25";CET;7569;1446411.00
ORKLA;NO0003733800;ORK;"Oslo Børs";NOK;87.50;87.50;87.18;87.32;"28/12/21 16:27";CET;455565;39787993.86
"OTELLO CORPORATION";NO0010040611;OTEC;"Oslo Børs";NOK;26.60;26.65;26.30;26.50;"28/12/21 16:25";CET;9567;253110.65
OTOVO;NO0010809783;OTOVO;"Euronext Growth Oslo";NOK;25.985;26.085;25.295;25.835;"28/12/21 16:25";CET;297279;7684516.82
"PANORO ENERGY";NO0010564701;PEN;"Oslo Børs";NOK;21.10;22.10;21.05;22.10;"28/12/21 16:25";CET;758669;16435963.90
"PARETO BANK";NO0010397581;PARB;"Oslo Børs";NOK;58.40;58.40;57.90;57.90;"28/12/21 16:25";CET;33818;1960956.30
"PATIENTSKY GROUP";NO0010895667;PSKY;"Euronext Growth Oslo";NOK;3.985;3.985;3.75;3.82;"28/12/21 16:25";CET;178747;683170.14
"PCI BIOTECH HOLD";NO0010405640;PCIB;"Oslo Børs";NOK;13.85;13.99;13.70;13.70;"28/12/21 16:25";CET;37406;515453.29
PETROLIA;CY0102630916;PSE;"Oslo Børs";NOK;4.50;4.60;4.50;4.51;"28/12/21 16:25";CET;39270;179372.08
"PETRONOR E&P LTD";AU0000057408;PNOR;"Euronext Expand Oslo";NOK;0.79;0.85;0.789;0.849;"28/12/21 16:25";CET;6246508;5089496.98
"PEXIP HOLDING";NO0010840507;PEXIP;"Oslo Børs";NOK;42.68;43.76;41.44;41.70;"28/12/21 16:28";CET;597894;25432886.22
PGS;NO0010199151;PGS;"Oslo Børs";NOK;3.818;4.034;3.75;3.952;"28/12/21 16:26";CET;3735072;14693750.85
"PHILLY SHIPYARD";NO0010395577;PHLY;"Euronext Expand Oslo";NOK;52.00;55.40;52.00;54.40;"28/12/21 16:19";CET;18717;1011334.40
PHOTOCURE;NO0010000045;PHO;"Oslo Børs";NOK;103.10;104.60;99.50;100.00;"28/12/21 16:25";CET;63318;6444714.70
"PIONEER PROPERTY";NO0010735681;PPG;"Euronext Expand Oslo";NOK;104.00;105.00;104.00;105.00;"28/12/21 14:08";CET;1728;180290.00
"PLAY MAGNUS";NO0010890726;PMG;"Euronext Growth Oslo";NOK;15.00;15.14;14.50;14.80;"28/12/21 16:26";CET;97796;1444806.90
"POLARIS MEDIA";NO0010466022;POL;"Oslo Børs";NOK;96.00;96.00;93.20;95.80;"28/12/21 13:55";CET;328;31381.20
POLIGHT;NO0010341712;PLT;"Oslo Børs";NOK;184.00;186.00;180.00;180.20;"28/12/21 16:25";CET;26943;4875785.80
PROSAFE;NO0010861990;PRS;"Oslo Børs";NOK;0.165;0.17;0.164;0.167;"28/12/21 16:28";CET;13690391;2302380.25
"PROTECTOR FORSIKRG";NO0010209331;PROT;"Oslo Børs";NOK;105.00;107.60;105.00;106.40;"28/12/21 16:25";CET;66933;7147843.60
"PROXIMAR SEAFOOD";NO0010893902;PROXI;"Euronext Growth Oslo";NOK;7.101;7.347;7.001;7.05;"28/12/21 16:27";CET;36866;263507.22
PRYME;NL00150005Z1;PRYME;"Euronext Growth Oslo";NOK;34.01;34.60;32.60;33.00;"28/12/21 16:25";CET;93396;3133609.16
"PYRUM INNOVATIONS";DE000A2G8ZX8;PYRUM;"Euronext Growth Oslo";NOK;1064.80;1064.80;990.00;990.00;"28/12/21 16:03";CET;152;157054.00
Q-FREE;NO0003103103;QFR;"Oslo Børs";NOK;8.18;8.24;8.06;8.16;"28/12/21 16:27";CET;258759;2114302.96
QUANTAFUEL;NO0010785967;QFUEL;"Euronext Growth Oslo";NOK;32.50;33.42;32.00;32.00;"28/12/21 16:27";CET;410972;13374937.40
"QUESTBACK GROUP";NO0011019119;QUEST;"Euronext Growth Oslo";NOK;106.00;106.00;106.00;106.00;"28/12/21 16:25";CET;9;954.00
"QUESTERRE ENERGY";CA74836K1003;QEC;"Oslo Børs";NOK;1.626;1.67;1.422;1.452;"28/12/21 16:25";CET;15819852;24261554.00
"R8 PROPERTY";NO0010859689;R8P;"Euronext Growth Oslo";NOK;28.35;28.35;27.99;27.99;"28/12/21 14:43";CET;2020;56557.00
"RAK PETROLEUM";GB00BRGBL804;RAKP;"Oslo Børs";NOK;9.00;9.20;9.00;9.20;"28/12/21 16:29";CET;231120;2121512.62
"RANA GRUBER";NO0010907389;RANA;"Euronext Growth Oslo";NOK;46.30;46.855;46.005;46.13;"28/12/21 16:25";CET;142118;6609617.58
"REACH SUBSEA";NO0003117202;REACH;"Oslo Børs";NOK;2.90;2.99;2.90;2.93;"28/12/21 16:25";CET;49832;147375.17
"REC SILICON";NO0010112675;RECSI;"Oslo Børs";NOK;18.29;18.58;18.00;18.00;"28/12/21 16:25";CET;3576482;65519038.37
"RIVER TECH";MT0001710103;RIVER;"Euronext Growth Oslo";NOK;63.50;63.50;61.00;61.00;"28/12/21 16:12";CET;2429;148647.50
"ROMERIKE SPAREBK";NO0010808405;ROMER;"Euronext Growth Oslo";NOK;178.00;178.00;177.00;177.00;"27/12/21 14:30";CET;292;51876.00
ROMREAL;BMG763301022;ROM;"Euronext Expand Oslo";NOK;1.95;1.95;1.95;1.95;"28/12/21 14:49";CET;8000;15600.00
"ROMSDAL SPAREBANK";NO0010759988;ROMSB;"Euronext Growth Oslo";NOK;128.00;128.00;128.00;128.00;"28/12/21 09:00";CET;150;19200.00
"SAGA PURE";NO0010572589;SAGA;"Oslo Børs";NOK;3.55;3.56;3.315;3.36;"28/12/21 16:25";CET;4005538;13631847.67
SALMAR;NO0010310956;SALM;"Oslo Børs";NOK;616.00;620.00;608.00;620.00;"28/12/21 16:25";CET;76008;46942923.80
"SALMON EVOLUTION";NO0010892094;SALME;"Oslo Børs";NOK;8.48;8.48;8.32;8.40;"28/12/21 16:25";CET;297034;2485187.63
"SALMONES CAMANCH";CL0002409135;SACAM;"Oslo Børs";NOK;31.20;31.20;31.20;31.20;"28/12/21 14:28";CET;50;1560.00
"SANDNES SPAREBANK";NO0006001007;SADG;"Oslo Børs";NOK;97.80;99.00;97.00;99.00;"28/12/21 16:25";CET;20029;1959805.20
"SAS AB";SE0003366871;SASNO;"Oslo Børs";NOK;1.28;1.287;1.257;1.2695;"28/12/21 16:25";CET;2567715;3264184.40
SATS;NO0010863285;SATS;"Oslo Børs";NOK;20.45;20.45;19.94;20.30;"28/12/21 16:25";CET;193406;3904165.96
SBANKEN;NO0010739402;SBANK;"Oslo Børs";NOK;93.10;93.50;93.10;93.30;"28/12/21 16:25";CET;5990;558567.30
SCANA;NO0003053308;SCANA;"Oslo Børs";NOK;1.54;1.54;1.452;1.464;"28/12/21 16:25";CET;501408;743197.83
SCATEC;NO0010715139;SCATC;"Oslo Børs";NOK;157.80;157.80;151.30;152.15;"28/12/21 16:25";CET;954019;147298831.65
"SCHIBSTED SER. A";NO0003028904;SCHA;"Oslo Børs";NOK;346.40;346.40;339.50;341.10;"28/12/21 16:25";CET;271904;92631360.30
"SCHIBSTED SER. B";NO0010736879;SCHB;"Oslo Børs";NOK;302.80;302.80;297.20;298.20;"28/12/21 16:25";CET;16651;4970616.20
"SD STAND DRILLING";CY0101550917;SDSD;"Oslo Børs";NOK;1.34;1.37;1.328;1.37;"28/12/21 15:47";CET;1184142;1592800.06
"SEABIRD EXPLORAT";CY0101162119;GEG;"Oslo Børs";NOK;3.44;3.635;3.44;3.595;"28/12/21 16:18";CET;104995;375751.67
SEADRILL;BMG7998G1069;SDRL;"Oslo Børs";NOK;1.20;1.246;1.18;1.23;"28/12/21 16:19";CET;1074759;1298367.87
"SEAWAY 7";NO0010893803;SEAW7;"Euronext Growth Oslo";NOK;15.52;15.70;15.22;15.70;"28/12/21 16:25";CET;20756;319998.32
"SELF STORAGE GROUP";NO0010781206;SSG;"Oslo Børs";NOK;35.00;35.40;34.90;35.30;"28/12/21 15:19";CET;7941;278148.00
"SELVAAG BOLIG";NO0010612450;SBO;"Oslo Børs";NOK;51.00;52.00;50.90;52.00;"28/12/21 16:25";CET;50728;2605922.50
"SHELF DRILLING";KYG236271055;SHLF;"Oslo Børs";NOK;7.00;7.39;7.00;7.39;"28/12/21 16:29";CET;731122;5316186.12
"SIEM OFFSHORE";KYG812291253;SIOFF;"Oslo Børs";NOK;3.42;3.57;3.39;3.501;"28/12/21 16:25";CET;859115;2991583.11
"SIKRI HOLDING";NO0010881717;SIKRI;"Euronext Growth Oslo";NOK;111.50;111.50;108.00;108.00;"28/12/21 14:46";CET;8545;946835.00
"SKANDIA GREENPOWER";NO0010931207;SKAND;"Euronext Growth Oslo";NOK;8.30;8.31;8.30;8.31;"28/12/21 12:39";CET;1831;15212.30
"SKITUDE HOLDING";NO0010781560;SKI;"Euronext Growth Oslo";NOK;2.62;2.6895;2.59;2.59;"28/12/21 16:14";CET;76093;200188.38
"SKUE SPAREBANK";NO0006001809;SKUE;"Oslo Børs";NOK;210.00;212.00;210.00;212.00;"28/12/21 10:17";CET;956;201780.00
SMARTCRAFT;NO0011008971;SMCRT;"Oslo Børs";NOK;21.20;21.20;20.01;20.97;"28/12/21 16:25";CET;135338;2739628.65
"SMARTOPTICS GROUP";NO0011012502;SMOP;"Euronext Growth Oslo";NOK;10.60;10.60;10.302;10.302;"28/12/21 15:19";CET;5092;52480.79
"SOFTOX SOLUTIONS";NO0010811961;SOFTX;"Euronext Growth Oslo";NOK;57.10;57.10;55.10;55.80;"28/12/21 16:25";CET;31681;1785346.80
"SOGN SPAREBANK";NO0006000603;SOGN;"Oslo Børs";NOK;144.00;144.00;143.00;143.00;"27/12/21 09:35";CET;467;66817.00
"SOLON EIENDOM";NO0003106700;SOLON;"Oslo Børs";NOK;44.00;44.10;44.00;44.10;"28/12/21 16:14";CET;10751;473077.00
"SOLSTAD OFFSHORE";NO0003080608;SOFF;"Oslo Børs";NOK;5.45;5.75;5.42;5.48;"28/12/21 16:25";CET;1532593;8487208.19
"SONANS HOLDING";NO0010927288;SOHO;"Euronext Growth Oslo";NOK;46.00;48.195;46.00;47.98;"28/12/21 16:25";CET;2799;132877.63
"SPARBNK 68 GR NORD";NO0010887110;SB68;"Euronext Growth Oslo";NOK;173.50;174.96;173.50;174.96;"28/12/21 10:40";CET;165;28808.54
"SPAREBANK 1 SMN";NO0006390301;MING;"Oslo Børs";NOK;145.20;147.60;145.20;146.60;"28/12/21 16:25";CET;343656;50476507.60
"SPAREBANK 1 SR-BK";NO0010631567;SRBNK;"Oslo Børs";NOK;129.50;131.30;129.20;131.00;"28/12/21 16:25";CET;237448;30971474.50
"SPAREBANK 1 SØRØ";NO0006000207;SOON;"Oslo Børs";NOK;63.00;64.00;63.00;63.80;"28/12/21 16:25";CET;36923;2352371.00
"SPAREBANKEN MØRE";NO0006390004;MORG;"Oslo Børs";NOK;443.00;443.00;440.00;443.00;"28/12/21 16:25";CET;4479;1982405.00
"SPAREBANKEN SØR";NO0006001502;SOR;"Oslo Børs";NOK;141.00;142.50;141.00;142.50;"28/12/21 16:15";CET;3890;553351.00
"SPAREBANKEN VEST";NO0006000900;SVEG;"Oslo Børs";NOK;97.20;99.10;97.20;98.80;"28/12/21 16:25";CET;56540;5563028.00
"SPAREBANKEN ØST";NO0006222009;SPOG;"Oslo Børs";NOK;56.20;56.40;56.00;56.40;"28/12/21 16:25";CET;12256;689721.60
"SPBK 1 NORDMØRE";NO0010691660;SNOR;"Oslo Børs";NOK;132.00;133.00;132.00;132.00;"28/12/21 16:07";CET;6496;863400.00
"SPBK 1 ØSTLANDET";NO0010751910;SPOL;"Oslo Børs";NOK;141.20;144.00;141.20;142.40;"28/12/21 16:25";CET;5890;841199.00
"SPBK1 HELGELAND";NO0010029804;HELG;"Oslo Børs";NOK;131.00;131.00;130.00;130.00;"28/12/21 15:54";CET;4628;601660.00
"SPBK1 NORD-NORGE";NO0006000801;NONG;"Oslo Børs";NOK;110.00;111.00;109.40;111.00;"28/12/21 16:25";CET;55884;6169994.50
"SPBK1 RINGERIKE";NO0006390400;RING;"Oslo Børs";NOK;330.00;332.00;330.00;332.00;"28/12/21 11:31";CET;100;33184.00
"SPBK1 ØSTFOLD AKE";NO0010285562;SOAG;"Oslo Børs";NOK;336.00;344.00;336.00;340.00;"28/12/21 12:01";CET;355;121468.00
"STATT TORSK";NO0010775844;STATT;"Euronext Growth Oslo";NOK;2.501;2.5205;2.4995;2.5205;"28/12/21 14:22";CET;55753;140037.18
STOLT-NIELSEN;BMG850801025;SNI;"Oslo Børs";NOK;131.00;132.00;130.60;131.40;"28/12/21 16:25";CET;6613;869805.20
STOREBRAND;NO0003053605;STB;"Oslo Børs";NOK;87.00;87.72;86.82;87.38;"28/12/21 16:25";CET;512614;44757644.76
STRONGPOINT;NO0010098247;STRO;"Oslo Børs";NOK;25.80;25.80;25.00;25.50;"28/12/21 16:25";CET;13668;345169.90
"SUBSEA 7";LU0075646355;SUBC;"Oslo Børs";NOK;62.90;63.84;62.90;63.66;"28/12/21 16:25";CET;452237;28732000.96
"SUNNDAL SPAREBANK";NO0010672900;SUNSB;"Euronext Growth Oslo";NOK;132.00;133.00;132.00;133.00;"28/12/21 09:20";CET;100;13250.00
TARGOVAX;NO0010689326;TRVX;"Oslo Børs";NOK;2.23;2.255;2.12;2.22;"28/12/21 16:26";CET;3253028;7073075.94
TECHSTEP;NO0003095309;TECH;"Oslo Børs";NOK;3.58;3.70;3.52;3.70;"28/12/21 16:19";CET;189269;673751.89
"TECO 2030";NO0010887516;TECO;"Euronext Growth Oslo";NOK;4.76;4.90;4.72;4.765;"28/12/21 16:17";CET;222732;1068469.86
"TEKNA HOLDING";NO0010951577;TEKNA;"Euronext Growth Oslo";NOK;31.12;33.79;31.10;33.60;"28/12/21 16:26";CET;243794;8137591.29
TELENOR;NO0010063308;TEL;"Oslo Børs";NOK;138.40;139.20;138.05;139.20;"28/12/21 16:27";CET;641782;89100526.90
TGS;NO0003078800;TGS;"Oslo Børs";NOK;82.20;86.32;82.20;86.18;"28/12/21 16:25";CET;158351;13518723.18
"THE KINGFISH COMP";NL00150001S5;KING;"Euronext Growth Oslo";NOK;20.20;20.90;20.00;20.35;"28/12/21 14:02";CET;11870;241287.60
TIETOEVRY;FI0009000277;TIETO;"Oslo Børs";NOK;275.00;276.40;274.40;275.00;"28/12/21 15:30";CET;3060;842537.20
"TOMRA SYSTEMS";NO0005668905;TOM;"Oslo Børs";NOK;622.00;630.40;621.00;626.00;"28/12/21 16:25";CET;60414;37859173.60
"TOTENS SPAREBANK";NO0006001205;TOTG;"Oslo Børs";NOK;210.00;214.00;208.00;212.00;"28/12/21 16:11";CET;2498;527940.00
TREASURE;NO0010763550;TRE;"Oslo Børs";NOK;17.25;17.60;17.25;17.35;"28/12/21 16:25";CET;19065;331570.80
"TYSNES SPAREBANK";NO0010731615;TYSB;"Euronext Growth Oslo";NOK;121.00;121.00;121.00;121.00;"22/12/21 12:19";CET;50;6050.00
ULTIMOVACS;NO0010851603;ULTI;"Oslo Børs";NOK;112.00;112.40;105.20;105.20;"28/12/21 16:25";CET;53695;5817593.00
VEIDEKKE;NO0005806802;VEI;"Oslo Børs";NOK;130.40;131.00;129.00;129.80;"28/12/21 16:25";CET;54647;7095361.20
"VISTIN PHARMA";NO0010734122;VISTN;"Oslo Børs";NOK;18.98;18.98;18.02;18.52;"28/12/21 15:55";CET;1364;25596.28
VOLUE;NO0010894603;VOLUE;"Oslo Børs";NOK;58.50;60.50;58.50;59.90;"28/12/21 16:25";CET;27910;1664934.60
"VOSS VEKSEL OGLAND";NO0003025009;VVL;"Oslo Børs";NOK;202.00;202.00;200.00;200.00;"28/12/21 12:14";CET;863;172970.00
VOW;NO0010708068;VOW;"Oslo Børs";NOK;24.02;24.60;23.76;24.00;"28/12/21 16:25";CET;123535;2982095.70
"VOW GREEN METALS";NO0011037483;VGM;"Euronext Growth Oslo";NOK;3.511;3.6495;3.511;3.57;"28/12/21 16:25";CET;149252;535241.42
"WALLENIUS WILHELMS";NO0010571680;WAWI;"Oslo Børs";NOK;48.90;49.50;47.82;48.54;"28/12/21 16:25";CET;409586;20001198.28
WEBSTEP;NO0010609662;WSTEP;"Oslo Børs";NOK;33.50;33.50;32.60;33.40;"28/12/21 15:06";CET;1220;40487.00
"WESTERN BULK CHART";NO0010768096;WEST;"Euronext Growth Oslo";NOK;43.495;44.095;42.35;44.00;"28/12/21 14:08";CET;17085;743956.40
"WILH. WILHELMSEN A";NO0010571698;WWI;"Oslo Børs";NOK;202.00;208.00;202.00;208.00;"28/12/21 16:25";CET;13169;2704739.00
"WILH. WILHELMSEN B";NO0010576010;WWIB;"Oslo Børs";NOK;202.00;203.00;200.00;203.00;"28/12/21 15:56";CET;454;91358.00
WILSON;NO0010252356;WILS;"Oslo Børs";NOK;75.00;82.00;75.00;80.00;"28/12/21 16:17";CET;52890;4093038.00
"XPLORA TECHNOLOGIE";NO0010895782;XPLRA;"Euronext Growth Oslo";NOK;31.95;31.95;31.00;31.10;"28/12/21 16:25";CET;8651;273044.85
XXL;NO0010716863;XXL;"Oslo Børs";NOK;14.29;14.46;14.23;14.27;"28/12/21 16:25";CET;327294;4683369.29
"YARA INTERNATIONAL";NO0010208051;YAR;"Oslo Børs";NOK;448.80;451.40;448.30;450.00;"28/12/21 16:25";CET;232455;104625647.10
ZALARIS;NO0010708910;ZAL;"Oslo Børs";NOK;54.20;54.60;52.80;53.20;"28/12/21 16:19";CET;23718;1261196.40
ZAPTEC;NO0010713936;ZAP;"Euronext Growth Oslo";NOK;57.20;60.50;57.05;60.45;"28/12/21 16:29";CET;265454;15730355.25
"ZENITH ENERGY";CA98936C1068;ZENA;"Euronext Growth Oslo";NOK;0.115;0.1186;0.106;0.115;"28/12/21 16:25";CET;7459954;846721.03
ZWIPE;NO0010721277;ZWIPE;"Euronext Growth Oslo";NOK;28.94;29.76;28.82;29.50;"28/12/21 16:19";CET;42577;1247978.94
"ØRN SOFTWARE HLD.";NO0010934748;ORN;"Euronext Growth Oslo";NOK;6.29;6.29;5.753;5.999;"28/12/21 15:15";CET;127172;752098.16
